<?xml version="1.0"?>

<extension>
	<name>PLUGIN_TIMESRADIO</name>
	<module>Plugins::TimesRadio::Plugin</module>
	<version>2.1.11</version>
	<description>PLUGIN_TIMESRADIO_DESC</description>
	<creator>ExpectingToFly</creator>
	<email>stu@expectingtofly.co.uk</email>
	<icon>plugins/TimesRadio/html/images/TimesRadio.png</icon>
	<defaultState>enabled</defaultState>
	<targetApplication>
		<id>SlimServer</id>
		<minVersion>7.9</minVersion>
        <maxVersion>*</maxVersion>
	</targetApplication>
</extension>
